no	period	company	project_key	dc_name	contractor	owner	location	amount_bn	mw	mw2	x1	x2	공사명	발주처	계약일	완공예정일	기본도급액	완성공사액	계약잔액	단위
182	21Q3	삼성물산	이지스자산운용하남데이터센터	하남 데이터센터	삼성물산	이지스자산운용(현 맥쿼리인프라 보유)	경기도 하남시 풍산동	175	40	25	4.4	6.9	이지스자산운용 하남 데이터센터	(주) 우리은행	2021-09-01	2024-02-01	174,850	378	174,472	백만원
183	21Q4	삼성물산	이지스자산운용하남데이터센터	하남 데이터센터	삼성물산	이지스자산운용(현 맥쿼리인프라 보유)	경기도 하남시 풍산동	175	40	25	4.4	6.9	이지스자산운용 하남 데이터센터	(주) 우리은행	2021-09-01	2024-02-01	174,850	4,973	169,877	백만원
184	22Q1	삼성물산	이지스자산운용하남데이터센터	하남 데이터센터	삼성물산	이지스자산운용(현 맥쿼리인프라 보유)	경기도 하남시 풍산동	175	40	25	4.4	6.9	이지스자산운용 하남 데이터센터	(주) 우리은행	2021-09-01	2024-02-01	174,850	8,596	166,254	백만원
185	22Q2	삼성물산	이지스자산운용하남데이터센터	하남 데이터센터	삼성물산	이지스자산운용(현 맥쿼리인프라 보유)	경기도 하남시 풍산동	175	40	25	4.4	6.9	이지스자산운용 하남 데이터센터	㈜ 우리은행	2021-09-15	2024-02-14	174,850	12,240	162,610	백만원
186	22Q3	삼성물산	이지스자산운용하남데이터센터	하남 데이터센터	삼성물산	이지스자산운용(현 맥쿼리인프라 보유)	경기도 하남시 풍산동	175	40	25	4.4	6.9	이지스자산운용 하남 데이터센터	㈜ 우리은행	2021-09-15	2024-02-14	174,850	17,140	157,710	백만원
187	22Q4	삼성물산	이지스자산운용하남데이터센터	하남 데이터센터	삼성물산	이지스자산운용(현 맥쿼리인프라 보유)	경기도 하남시 풍산동	175	40	25	4.4	6.9	이지스자산운용 하남 데이터센터	㈜ 우리은행	2021-08-25	2023-11-28	174,850	26,071	148,779	백만원
188	17Q1	삼성물산	수원DC	#N/A	삼성물산	#N/A	#N/A	24	#N/A	#N/A	N/A	N/A	수원DC	삼성전자(주)	2016-01-01	2018-02-01	23,619	21,696	1,923	백만원
189	17Q1	삼성물산	아산DC	#N/A	삼성물산	#N/A	#N/A	130	#N/A	#N/A	N/A	N/A	아산DC	삼성디스플레이㈜	2015-05-01	2017-04-01	129,792	127,946	1,846	백만원
190	17Q2	삼성물산	수원DC	#N/A	삼성물산	#N/A	#N/A	33	#N/A	#N/A	N/A	N/A	수원DC	삼성전자(주)	2016-01-01	2018-02-01	32,853	24,110	8,743	백만원
191	17Q2	삼성물산	아산DC	#N/A	삼성물산	#N/A	#N/A	160	#N/A	#N/A	N/A	N/A	아산DC	삼성디스플레이㈜	2015-05-01	2017-12-01	160,271	153,194	7,077	백만원
192	17Q3	삼성물산	아산DC2차	#N/A	삼성물산	#N/A	#N/A	17	#N/A	#N/A	N/A	N/A	아산 DC 2차	삼성디스플레이(주)	2017-03-01	2019-02-01	17,040	3,303	13,737	백만원
193	17Q3	삼성물산	수원DC	#N/A	삼성물산	#N/A	#N/A	38	#N/A	#N/A	N/A	N/A	수원DC	삼성전자(주)	2016-01-01	2018-02-01	37,609	29,409	8,200	백만원
194	17Q3	삼성물산	아산DC	#N/A	삼성물산	#N/A	#N/A	172	#N/A	#N/A	N/A	N/A	아산DC	삼성디스플레이(주)	2015-05-01	2017-12-01	171,787	170,269	1,518	백만원
195	17Q4	삼성물산	아산DC2차	#N/A	삼성물산	#N/A	#N/A	17	#N/A	#N/A	N/A	N/A	아산 DC 2차	삼성디스플레이㈜	2017-03-01	2019-02-01	17,040	7,075	9,965	백만원
196	17Q4	삼성물산	수원DC	#N/A	삼성물산	#N/A	#N/A	44	#N/A	#N/A	N/A	N/A	수원DC	삼성전자(주)	2016-01-01	2018-02-01	43,912	35,531	8,381	백만원
197	17Q4	삼성물산	아산DC	#N/A	삼성물산	#N/A	#N/A	178	#N/A	#N/A	N/A	N/A	아산DC	삼성디스플레이㈜	2015-05-01	2017-12-01	177,504	175,072	2,432	백만원
198	18Q1	삼성물산	아산DC2차	#N/A	삼성물산	#N/A	#N/A	19	#N/A	#N/A	N/A	N/A	아산 DC 2차	삼성디스플레이(주)	2017-03-01	2019-02-01	19,157	11,795	7,362	백만원
199	18Q1	삼성물산	수원DC	#N/A	삼성물산	#N/A	#N/A	44	#N/A	#N/A	N/A	N/A	수원DC	삼성전자(주)	2016-01-01	2018-05-01	43,912	40,004	3,908	백만원
200	18Q1	삼성물산	수원DC2차	#N/A	삼성물산	#N/A	#N/A	4	#N/A	#N/A	N/A	N/A	수원 DC 2차	삼성전자(주)	2018-01-01	2019-12-01	4,159	805	3,354	백만원
201	18Q1	삼성물산	아산DC	#N/A	삼성물산	#N/A	#N/A	181	#N/A	#N/A	N/A	N/A	아산DC	삼성디스플레이(주)	2015-05-01	2017-12-01	180,637	179,499	1,138	백만원
202	18Q2	삼성물산	아산DC2차	#N/A	삼성물산	#N/A	#N/A	56	#N/A	#N/A	N/A	N/A	아산 DC 2차	삼성디스플레이㈜	2017-03-01	2019-02-01	55,697	26,861	28,836	백만원
203	18Q2	삼성물산	아산DC	#N/A	삼성물산	#N/A	#N/A	194	#N/A	#N/A	N/A	N/A	아산DC	삼성디스플레이㈜	2015-05-01	2017-12-01	194,096	185,885	8,211	백만원
204	18Q2	삼성물산	수원DC2차	#N/A	삼성물산	#N/A	#N/A	9	#N/A	#N/A	N/A	N/A	수원 DC 2차	삼성전자(주)	2018-01-01	2019-12-01	9,352	3,174	6,178	백만원
205	18Q3	삼성물산	수원DC2차	#N/A	삼성물산	#N/A	#N/A	63	#N/A	#N/A	N/A	N/A	수원 DC 2차	삼성전자(주)	2018-01-01	2019-12-31	63,206	12,875	50,331	백만원
206	18Q3	삼성물산	아산DC2차	#N/A	삼성물산	#N/A	#N/A	69	#N/A	#N/A	N/A	N/A	아산 DC 2차	삼성디스플레이(주)	2017-03-01	2019-02-28	69,141	40,434	28,707	백만원
207	18Q3	삼성물산	아산DC	#N/A	삼성물산	#N/A	#N/A	193	#N/A	#N/A	N/A	N/A	아산DC	삼성디스플레이(주)	2015-05-01	2017-12-31	192,821	186,400	6,421	백만원
208	18Q4	삼성물산	아산DC2차	#N/A	삼성물산	#N/A	#N/A	87	#N/A	#N/A	N/A	N/A	아산 DC 2차	삼성디스플레이(주)	2017-03-01	2019-02-28	87,231	52,825	34,406	백만원
209	18Q4	삼성물산	수원DC2차	#N/A	삼성물산	#N/A	#N/A	76	#N/A	#N/A	N/A	N/A	수원 DC 2차	삼성전자(주)	2018-01-01	2019-12-31	75,715	49,169	26,546	백만원
210	18Q4	삼성물산	아산DC	#N/A	삼성물산	#N/A	#N/A	193	#N/A	#N/A	N/A	N/A	아산DC	삼성디스플레이(주)	2015-05-01	2017-12-31	192,653	187,578	5,075	백만원
211	19Q1	삼성물산	아산DC2차	#N/A	삼성물산	#N/A	#N/A	90	#N/A	#N/A	N/A	N/A	아산 DC 2차	삼성디스플레이(주)	2017-03-01	2019-02-28	90,332	67,602	22,730	백만원
212	19Q1	삼성물산	수원DC2차	#N/A	삼성물산	#N/A	#N/A	81	#N/A	#N/A	N/A	N/A	수원 DC 2차	삼성전자(주)	2018-01-01	2019-12-31	80,647	69,644	11,003	백만원
213	19Q1	삼성물산	아산DC	#N/A	삼성물산	#N/A	#N/A	193	#N/A	#N/A	N/A	N/A	아산 DC	삼성디스플레이(주)	2015-05-01	2017-12-31	192,653	187,578	5,075	백만원
214	19Q2	삼성물산	아산DC2차	#N/A	삼성물산	#N/A	#N/A	100	#N/A	#N/A	N/A	N/A	아산 DC 2차	삼성디스플레이㈜	2017-03-01	2019-02-01	100,123	74,495	25,628	백만원
215	19Q2	삼성물산	아산DC	#N/A	삼성물산	#N/A	#N/A	193	#N/A	#N/A	N/A	N/A	아산DC	삼성디스플레이㈜	2015-05-01	2017-12-01	192,653	187,583	5,070	백만원
216	19Q2	삼성물산	수원DC2차Retrofit공사	#N/A	삼성물산	#N/A	#N/A	90	#N/A	#N/A	N/A	N/A	수원DC 2차 Retrofit 공사	삼성전자(주)	2018-01-01	2019-12-01	89,929	85,854	4,075	백만원
217	19Q3	삼성물산	아산DC2차	#N/A	삼성물산	#N/A	#N/A	110	#N/A	#N/A	N/A	N/A	아산 DC 2차	삼성디스플레이(주)	2017-03-01	2019-12-01	110,159	83,277	26,882	백만원
218	19Q3	삼성물산	수원DC2차Retrofit공사	#N/A	삼성물산	#N/A	#N/A	100	#N/A	#N/A	N/A	N/A	수원DC 2차 Retrofit 공사	삼성전자(주)	2018-01-01	2019-12-01	100,042	96,728	3,314	백만원
219	19Q4	삼성물산	수원DC2차Retrofit공사	#N/A	삼성물산	#N/A	#N/A	127	#N/A	#N/A	N/A	N/A	수원DC 2차 Retrofit 공사	삼성전자(주)	2018-01-01	2020-12-01	126,925	107,363	19,562	백만원
220	19Q4	삼성물산	아산DC2차	#N/A	삼성물산	#N/A	#N/A	110	#N/A	#N/A	N/A	N/A	아산 DC 2차	삼성디스플레이(주)	2017-03-01	2020-12-01	110,156	93,611	16,545	백만원
221	20Q1	삼성물산	수원DC2차Retrofit공사	#N/A	삼성물산	#N/A	#N/A	128	#N/A	#N/A	N/A	N/A	수원DC 2차 Retrofit 공사	삼성전자(주)	2018-01-01	2020-12-01	128,239	116,360	11,879	백만원
222	20Q2	삼성물산	수원DC2차Retrofit공사	#N/A	삼성물산	#N/A	#N/A	145	#N/A	#N/A	N/A	N/A	수원DC 2차 Retrofit 공사	삼성전자(주)	2018-01-01	2020-12-01	144,945	122,100	22,845	백만원
223	20Q2	삼성물산	아산DC2차	#N/A	삼성물산	#N/A	#N/A	109	#N/A	#N/A	N/A	N/A	아산 DC 2차	삼성디스플레이(주)	2017-03-01	2020-12-01	109,247	103,086	6,161	백만원
224	20Q3	삼성물산	수원DC2차Retrofit공사	#N/A	삼성물산	#N/A	#N/A	147	#N/A	#N/A	N/A	N/A	수원DC 2차 Retrofit 공사	삼성전자(주)	2018-01-01	2020-12-01	147,320	128,307	19,013	백만원
225	20Q3	삼성물산	아산DC2차	#N/A	삼성물산	#N/A	#N/A	109	#N/A	#N/A	N/A	N/A	아산 DC 2차	삼성디스플레이(주)	2017-03-01	2020-12-01	109,248	103,072	6,176	백만원
226	20Q4	삼성물산	수원DC2차Retrofit공사	#N/A	삼성물산	#N/A	#N/A	178	#N/A	#N/A	N/A	N/A	수원DC 2차 Retrofit 공사	삼성전자(주)	2018-01-01	2020-12-01	177,512	139,422	38,090	백만원
227	21Q1	삼성물산	수원DC2차Retrofit공사	#N/A	삼성물산	#N/A	#N/A	151	#N/A	#N/A	N/A	N/A	수원DC 2차 Retrofit 공사	삼성전자(주)	2018-01-01	2021-05-31	151,241	143,235	8,006	백만원
228	21Q2	삼성물산	수원DC2차Retrofit공사	#N/A	삼성물산	#N/A	#N/A	152	#N/A	#N/A	N/A	N/A	수원DC 2차 Retrofit 공사	삼성전자(주)	2018-01-01	2021-05-01	151,897	145,425	6,472	백만원
229	21Q3	삼성물산	수원DC2차Retrofit공사	#N/A	삼성물산	#N/A	#N/A	152	#N/A	#N/A	N/A	N/A	수원DC 2차 Retrofit 공사	삼성전자(주)	2018-01-01	2021-05-01	151,896	148,957	2,939	백만원
230	22Q1	삼성물산	하남IDC신축공사소방공사	#N/A	삼성물산	#N/A	#N/A	7	#N/A	#N/A	N/A	N/A	하남 IDC 신축공사 소방공사	(주) 우리은행	2021-08-01	2023-11-01	7,090	0	7,090	백만원
231	22Q2	삼성물산	하남IDC신축공사소방공사	#N/A	삼성물산	#N/A	#N/A	7	#N/A	#N/A	N/A	N/A	하남 IDC 신축공사 소방공사	㈜ 우리은행	2021-08-25	2023-11-28	7,090		7,090	백만원
232	22Q3	삼성물산	하남IDC신축공사소방공사	#N/A	삼성물산	#N/A	#N/A	7	#N/A	#N/A	N/A	N/A	하남 IDC 신축공사 소방공사	㈜ 우리은행	2021-08-25	2023-11-28	7,090		7,090	백만원
233	22Q4	삼성물산	하남IDC신축공사소방공사	#N/A	삼성물산	#N/A	#N/A	7	#N/A	#N/A	N/A	N/A	하남 IDC 신축공사 소방공사	㈜ 우리은행	2021-08-25	2023-11-28	7,090		7,090	백만원
234	21Q4	삼성물산	화성HPC센터신축공사	삼성전자 화성캠퍼스 HPC센터	삼성물산	삼성전자	경기도 화성시 반월동	137	N/A	N/A	N/A	N/A	화성 HPC 센터 신축공사	삼성전자(주)	2021-11-01	2023-12-01	136,710	690	136,020	백만원
235	22Q1	삼성물산	화성HPC센터신축공사	삼성전자 화성캠퍼스 HPC센터	삼성물산	삼성전자	경기도 화성시 반월동	137	N/A	N/A	N/A	N/A	화성 HPC 센터 신축공사	삼성전자(주)	2021-11-01	2023-12-01	136,710	4,246	132,464	백만원
236	22Q2	삼성물산	화성HPC센터신축공사	삼성전자 화성캠퍼스 HPC센터	삼성물산	삼성전자	경기도 화성시 반월동	137	N/A	N/A	N/A	N/A	화성 HPC 센터 신축공사	삼성전자(주)	2021-11-15	2023-12-31	136,710	11,045	125,665	백만원
237	22Q3	삼성물산	화성HPC센터신축공사	삼성전자 화성캠퍼스 HPC센터	삼성물산	삼성전자	경기도 화성시 반월동	422	N/A	N/A	N/A	N/A	화성 HPC 센터 신축공사	삼성전자(주)	2021-11-15	2023-12-31	421,924	22,122	399,802	백만원
238	22Q4	삼성물산	화성HPC센터신축공사	삼성전자 화성캠퍼스 HPC센터	삼성물산	삼성전자	경기도 화성시 반월동	422	N/A	N/A	N/A	N/A	화성 HPC 센터 신축공사	삼성전자(주)	2021-11-15	2024-05-31	421,924	38,757	383,167	백만원
239	21Q4	현대건설	PUS05	MS 부산 데이터센터	현대건설	마이크로소프트	부산광역시 강서구 구랑동	50	40	N/A	1.3	N/A	MS데이터센터	마이크로소프트	2019-01-01	2022-03-23	50,326	41,224	9,102	백만원
240	21Q4	현대건설	ACTIS데이터센터	액티스 디토 양평 데이터센터	현대건설	ACTIS	서울특별시 영등포구 양평동3가	229	40	26	5.7	8.8	ACTIS 데이터센터	디토피에프브이(주)	2021-07-27	2024-04-30	228,535	1,681	226,854	백만원
241	22Q1	현대건설	용인죽전퍼시픽써니데이터센터	죽전 데이터센터	현대건설	퍼시픽자산운용	경기도 용인시 수지구 죽전동	535	100	64	5.4	8.4	용인 죽전 데이터센터	퍼시픽써니제45호전문투자형사모부동산투자회사	2022-02-28	2024-06-30	535,427	2,761	532,666	백만원
242	22Q1	현대건설	ACTIS데이터센터	액티스 디토 양평 데이터센터	현대건설	ACTIS	서울특별시 영등포구 양평동3가	229	40	26	5.7	8.8	ACTIS 데이터센터	디토피에프브이(주)	2021-07-27	2024-06-21	228,535	5,472	223,063	백만원
243	22Q1	현대건설	PUS05	MS 부산 데이터센터	현대건설	마이크로소프트	부산광역시 강서구 구랑동	52	40	N/A	1.3	N/A	MS데이터센터	마이크로소프트 5673 코리아	2019-01-01	2022-08-31	51,886	50,113	1,773	백만원
244	22Q4	현대건설	네이버 데이터센터	#N/A	현대건설	#N/A	#N/A	462	#N/A	#N/A	N/A	N/A	네이버 데이터센터	네이버 주식회사	2020-10-16	2023-02-15	462,241	333,220	129,021	백만원
245	17Q1	GS건설	하나금융그룹통합데이터센터구축공사	#N/A	GS건설	#N/A	#N/A	195	#N/A	#N/A	N/A	N/A	하나금융그룹통합데이터센터구축공사	(주)하나아이앤에스	2015-06-29	2017-05-31	194,660	164,804	29,856	백만원
246	21Q3	GS건설	안양호계동데이터센터	에포크 안양 데이터센터	GS건설	에포크PFV	경기도 안양시 동안구 호계동	267	40	26	6.7	10.3	안양호계동데이터센터	에포크피에프브이(주)	2021-08-30	2023-11-29	267,400	1,324	266,076	백만원
247	21Q4	GS건설	안양호계동데이터센터	에포크 안양 데이터센터	GS건설	에포크PFV	경기도 안양시 동안구 호계동	267	40	26	6.7	10.3	안양호계동데이터센터	에포크피에프브이(주)	2021-08-30	2023-11-30	267,400	4,487	262,913	백만원
248	22Q1	GS건설	안양호계동데이터센터	에포크 안양 데이터센터	GS건설	에포크PFV	경기도 안양시 동안구 호계동	243	40	26	6.1	9.3	안양호계동데이터센터	에포크피에프브이(주)	2021-08-30	2023-11-30	242,700	11,017	231,683	백만원
249	22Q2	GS건설	안양호계동데이터센터	에포크 안양 데이터센터	GS건설	에포크PFV	경기도 안양시 동안구 호계동	243	40	26	6.1	9.3	안양호계동데이터센터	에포크피에프브이(주)	2021-08-30	2023-11-30	242,700	18,673	224,027	백만원
250	22Q3	GS건설	안양호계동데이터센터	에포크 안양 데이터센터	GS건설	에포크PFV	경기도 안양시 동안구 호계동	243	40	26	6.1	9.3	안양호계동데이터센터	에포크피에프브이(주)	2021-08-30	2023-11-30	242,700	26,777	215,923	백만원
251	22Q4	GS건설	안양호계동데이터센터	에포크 안양 데이터센터	GS건설	에포크PFV	경기도 안양시 동안구 호계동	243	40	26	6.1	9.3	안양호계동데이터센터	에포크피에프브이(주)	2021-08-24	2023-12-23	242,700	37,090	205,610	백만원
252	20Q2	DL건설	상암데이터센터현장	#N/A	DL건설	#N/A	#N/A	53	#N/A	#N/A	N/A	N/A	상암데이터센터 현장	디지털서울제1호피아이에이전문투자형사모부동산투자 유한회사	2020-06-04	2022-02-13	52,895	1,170	51,725	백만원
253	20Q3	DL건설	상암데이터센터현장	#N/A	DL건설	#N/A	#N/A	82	#N/A	#N/A	N/A	N/A	상암데이터센터 현장	DIGITAL SEOUL NO.1 PIA PROFESSIONAL INVESTORS PRIVATE REAL ESTATE INVESTMENT LLC	2020-06-04	2022-02-13	81,820	3,445	78,375	백만원
254	20Q4	DL건설	상암데이터센터현장	#N/A	DL건설	#N/A	#N/A	82	#N/A	#N/A	N/A	N/A	상암데이터센터 현장	DIGITAL SEOUL NO.1 PIA PROFESSIONAL INVESTORS PRIVATE REAL ESTATE INVESTMENT LLC	2020-06-04	2022-02-13	82,285	6,947	75,338	백만원
255	21Q1	DL이앤씨	상암데이터센터현장	#N/A	DL이앤씨	#N/A	#N/A	83	#N/A	#N/A	N/A	N/A	상암데이터센터 현장	DIGITAL SEOUL NO.1 PIA PROFESSIONAL INVESTORS PRIVATE REAL ESTATE INVESTMENT LLC	2020-06-04	2022-02-13	82,710	12,778	69,932	백만원
256	21Q2	DL이앤씨	상암데이터센터현장	#N/A	DL이앤씨	#N/A	#N/A	83	#N/A	#N/A	N/A	N/A	상암데이터센터 현장	DIGITAL SEOUL NO.1 PIA PROFESSIONAL INVESTORS PRIVATE REAL ESTATE INVESTMENT LLC	2020-06-04	2022-02-16	82,962	37,827	45,135	백만원
257	21Q3	DL이앤씨	상암데이터센터현장	#N/A	DL이앤씨	#N/A	#N/A	83	#N/A	#N/A	N/A	N/A	상암데이터센터 현장	DIGITAL SEOUL NO.1 PIA PROFESSIONAL INVESTORS PRIVATE REAL ESTATE INVESTMENT LLC	2020-06-04	2022-03-28	82,962	64,599	18,363	백만원
258	22Q3	DL이앤씨	김포데이터센터	디지털리얼티 ICN11	DL이앤씨	디지털리얼티	경기도 김포시 구래동	285	80	64	3.6	4.5	김포데이터센터 신축공사	Digital Realty	2022-07-31	2025-05-31	284,983		284,983	백만원
259	22Q4	DL이앤씨	김포데이터센터	디지털리얼티 ICN11	DL이앤씨	디지털리얼티	경기도 김포시 구래동	285	80	64	3.6	4.5	김포데이터센터 신축공사	Digital Realty	2022-07-31	2025-05-31	284,983		284,983	백만원
260	18Q4	롯데건설	현대정보기술데이터베이스센터신축	#N/A	롯데건설	#N/A	#N/A	30	#N/A	#N/A	N/A	N/A	현대정보기술데이터베이스센터 신축	현대정보통신㈜	2019-01-01	2020-12-01	30,296,200,000		30,296,200,000	원
261	22Q2	롯데건설	구로데이터센터	구로 데이터센터	롯데건설	캡스톤자산운용	서울특별시 구로구 개봉동	195	30	20	6.5	9.8	구로 데이터센터	㈜블루리본디벨롭먼트	2022-06-01	2025-12-01	195,000,000,000		195,000,000,000	원
262	22Q3	롯데건설	구로데이터센터	구로 데이터센터	롯데건설	캡스톤자산운용	서울특별시 구로구 개봉동	195	30	20	6.5	9.8	구로 데이터센터	㈜블루리본디벨롭먼트	2022-06-01	2025-12-01	195,000,000,000		195,000,000,000	원
263	22Q4	롯데건설	구로데이터센터	구로 데이터센터	롯데건설	캡스톤자산운용	서울특별시 구로구 개봉동	195	30	20	6.5	9.8	구로 데이터센터	㈜블루리본디벨롭먼트	2022-06-01	2025-12-01	195,000,000,000		195,000,000,000	원
264	22Q3	포스코이앤씨	고양캐피탈랜드데이터센터SL3x신축공사	에퀴닉스 SL3x	포스코이앤씨	캐피탈랜드 투자운용, GIC·에퀴닉스	경기도 고양시 덕양구 향동동	140	40	24	3.5	5.8	고양 캐피탈랜드 데이터센터 신축공사	캐피탈랜드코리아제８호전문투자형사모부동산펀드	2021-12-01	2023-08-01	140,350	20,194	120,156	백만원
265	22Q4	포스코이앤씨	서울가산랜드마크데이터센터신축공사	STT 서울1	포스코이앤씨	ST텔레미디어 GDC	서울특별시 금천구 가산동	132	40	30	3.3	4.4	서울 가산 데이터센터 신축공사	가산랜드마크데이터센터피에프브이㈜	2022-11-01	2025-01-01	132,160		132,160	백만원
266	22Q4	포스코이앤씨	고양캐피탈랜드데이터센터SL3x신축공사	에퀴닉스 SL3x	포스코이앤씨	캐피탈랜드 투자운용, GIC·에퀴닉스	경기도 고양시 덕양구 향동동	144	40	24	3.6	6.0	고양 캐피탈랜드 데이터센터 신축공사	캐피탈랜드코리아제８호전문투자형사모부동산펀드	2021-12-01	2023-08-01	144,368	30,243	114,125	백만원
267	22Q4	SK에코플랜트	부평데이터센터신축공사(1차)	디지털엣지 SEL2	SK에코플랜트	SK에코플랜트, 디지털엣지	인천광역시 부평구 청천동	410	N/A	36	N/A	11.4	부평 데이터센터 신축공사 (1차)	디씨케이원	2022-04-01	2024-11-30	410,000	895	409,105	백만원
